{
  "project_info": {
    "project_number": "143292713588",
    "firebase_url": "https://androidhive-77413.firebaseio.com",
    "project_id": "androidhive-77413",
    "storage_bucket": "androidhive-77413.appspot.com"
  },
  "client": [
    {
      "client_info": {
        "mobilesdk_app_id": "1:143292713588:android:f72aad3412d784f6",
        "android_client_info": {
          "package_name": "info.androidhive.firebasenotifications"
        }
      },
      "oauth_client": [
        {
          "client_id": "143292713588-uopnev7gp4fh23e6hi66p6muf3h6dodb.apps.googleusercontent.com",
          "client_type": 3
        },
        {
          "client_id": "143292713588-3k7br1i6ohp5ok619em7tu0ql253inht.apps.googleusercontent.com",
          "client_type": 3
        }
      ],
      "api_key": [
        {
          "current_key": "AIzaSyDgxa4_Lk4gt15KjzbM7hUwlTA58SMIDL4"
        }
      ],
      "services": {
        "analytics_service": {
          "status": 1
        },
        "appinvite_service": {
          "status": 1,
          "other_platform_oauth_client": []
        },
        "ads_service": {
          "status": 2
        }
      }
    }
  ],
  "configuration_version": "1"
}